,Unnamed: 0,Unnamed: 0.1,Unnamed: 0.1.1,Id,SalePrice
0,0,0,0,1461,129700.90794939286
1,1,1,1,1462,181031.26370809245
2,2,2,2,1463,176615.36424065684
3,3,3,3,1464,178142.9225245465
4,4,4,4,1465,203593.50858654617
5,5,5,5,1466,163728.1152433287
6,6,6,6,1467,164889.3378219394
7,7,7,7,1468,151350.33999150113
8,8,8,8,1469,196712.59183101985
9,9,9,9,1470,109511.40517088544
10,10,10,10,1471,213497.25905596057
11,11,11,11,1472,106642.08756100916
12,12,12,12,1473,100340.70241837596
13,13,13,13,1474,152718.189598544
14,14,14,14,1475,126526.68852119544
15,15,15,15,1476,346786.47960444033
16,16,16,16,1477,235171.7892335693
17,17,17,17,1478,294674.6846471054
18,18,18,18,1479,286057.97632538964
19,19,19,19,1480,413337.1105556575
20,20,20,20,1481,277934.6808163986
21,21,21,21,1482,205323.97534546803
22,22,22,22,1483,192522.5054105618
23,23,23,23,1484,169439.84419900842
24,24,24,24,1485,198483.1593148302
25,25,25,25,1486,203224.32532206122
26,26,26,26,1487,306314.667022041
27,27,27,27,1488,229747.9634618159
28,28,28,28,1489,191428.6575724831
29,29,29,29,1490,241857.91342036927
30,30,30,30,1491,208440.22935359518
31,31,31,31,1492,107400.39282370004
32,32,32,32,1493,159320.57102965814
33,33,33,33,1494,270980.21483385796
34,34,34,34,1495,283605.9196086796
35,35,35,35,1496,243632.88181516068
36,36,36,36,1497,194840.50266275476
37,37,37,37,1498,177609.5459479854
38,38,38,38,1499,178477.97071564494
39,39,39,39,1500,164112.19543581182
40,40,40,40,1501,178231.49530117708
41,41,41,41,1502,170215.48879899294
42,42,42,42,1503,280107.06142186606
43,43,43,43,1504,238898.21268097166
44,44,44,44,1505,220448.43074211403
45,45,45,45,1506,181356.77000647152
46,46,46,46,1507,247317.36379838525
47,47,47,47,1508,216878.41833358954
48,48,48,48,1509,157342.9078538372
49,49,49,49,1510,140193.6669720845
50,50,50,50,1511,159671.34299829014
51,51,51,51,1512,171600.48608108342
52,52,52,52,1513,151073.87217100582
53,53,53,53,1514,177138.3613306396
54,54,54,54,1515,189173.35626920222
55,55,55,55,1516,169719.49976854178
56,56,56,56,1517,165691.21948597944
57,57,57,57,1518,138749.16734543175
58,58,58,58,1519,230087.97394203904
59,59,59,59,1520,131946.6159207541
60,60,60,60,1521,142496.91279960301
61,61,61,61,1522,166158.09032845186
62,62,62,62,1523,100191.50578345852
63,63,63,63,1524,137488.43389933815
64,64,64,64,1525,124681.99255386853
65,65,65,65,1526,126861.20687535104
66,66,66,66,1527,89086.6121808304
67,67,67,67,1528,139728.9251018968
68,68,68,68,1529,130559.21421721994
69,69,69,69,1530,163053.8389252405
70,70,70,70,1531,107248.73794556252
71,71,71,71,1532,99525.34208233355
72,72,72,72,1533,138273.02881709492
73,73,73,73,1534,155097.6407549812
74,74,74,74,1535,165712.5157640605
75,75,75,75,1536,118020.8110689054
76,76,76,76,1537,81825.62266324509
77,77,77,77,1538,200529.16162875868
78,78,78,78,1539,243939.63349976065
79,79,79,79,1540,163926.75206350128
80,80,80,80,1541,177841.9699570249
81,81,81,81,1542,145326.0066111068
82,82,82,82,1543,211461.5566540936
83,83,83,83,1544,82245.12201185865
84,84,84,84,1545,128990.89038590578
85,85,85,85,1546,131949.5448358701
86,86,86,86,1547,133610.16353098478
87,87,87,87,1548,139510.0912539037
88,88,88,88,1549,115190.24524574263
89,89,89,89,1550,137954.76659127447
90,90,90,90,1551,164268.51259504526
91,91,91,91,1552,134273.6247879441
92,92,92,92,1553,166396.1006830934
93,93,93,93,1554,117809.54944026595
94,94,94,94,1555,175749.72830786748
95,95,95,95,1556,123087.1247804446
96,96,96,96,1557,168358.75171156297
97,97,97,97,1558,138237.0908075174
98,98,98,98,1559,109419.78901540606
99,99,99,99,1560,148608.25401876107
100,100,100,100,1561,166440.70529019943
101,101,101,101,1562,116670.50147129587
102,102,102,102,1563,116018.56750906756
103,103,103,103,1564,170048.72856502014
104,104,104,104,1565,138860.96042270752
105,105,105,105,1566,243183.76215543243
106,106,106,106,1567,101304.56396499832
107,107,107,107,1568,230164.05295956798
108,108,108,108,1569,149186.60577195665
109,109,109,109,1570,139370.89422504778
110,110,110,110,1571,92266.43768609675
111,111,111,111,1572,140439.89943163717
112,112,112,112,1573,253297.40013760427
113,113,113,113,1574,128080.78529940531
114,114,114,114,1575,239516.7638125869
115,115,115,115,1576,236283.4976732746
116,116,116,116,1577,186687.46871971857
117,117,117,117,1578,172649.69192709948
118,118,118,118,1579,146625.713937754
119,119,119,119,1580,191270.59681444263
120,120,120,120,1581,148018.54085159829
121,121,121,121,1582,113943.72358776971
122,122,122,122,1583,292285.4950646591
123,123,123,123,1584,225896.7857942113
124,124,124,124,1585,158850.26805387897
125,125,125,125,1586,42798.90699787828
126,126,126,126,1587,114209.49366762125
127,127,127,127,1588,154987.2733894729
128,128,128,128,1589,123086.22412879314
129,129,129,129,1590,133439.8588634032
130,130,130,130,1591,73682.44861279093
131,131,131,131,1592,128667.71295308927
132,132,132,132,1593,121374.60156066397
133,133,133,133,1594,128802.60617842413
134,134,134,134,1595,125799.78070144462
135,135,135,135,1596,228408.85031899955
136,136,136,136,1597,181457.75453171282
137,137,137,137,1598,210954.9093678321
138,138,138,138,1599,204200.9374049136
139,139,139,139,1600,193194.00339506284
140,140,140,140,1601,42935.748575658974
141,141,141,141,1602,140110.7392498065
142,142,142,142,1603,109844.05394828778
143,143,143,143,1604,266203.95367997757
144,144,144,144,1605,257296.06220563146
145,145,145,145,1606,166861.384597757
146,146,146,146,1607,188082.525360422
147,147,147,147,1608,204137.02415853864
148,148,148,148,1609,188122.59322832708
149,149,149,149,1610,130630.18181307733
150,150,150,150,1611,134016.7084575083
151,151,151,151,1612,176690.82877174317
152,152,152,152,1613,147766.2573712144
153,153,153,153,1614,121512.40279123352
154,154,154,154,1615,71850.6167735008
155,155,155,155,1616,68213.52269819449
156,156,156,156,1617,83695.3979678656
157,157,157,157,1618,108619.57267893708
158,158,158,158,1619,136653.1097418415
159,159,159,159,1620,171455.05601833167
160,160,160,160,1621,147884.26599621394
161,161,161,161,1622,139270.85212194256
162,162,162,162,1623,262039.25983616908
163,163,163,163,1624,229371.370699563
164,164,164,164,1625,164868.2184967509
165,165,165,165,1626,171435.97078380652
166,166,166,166,1627,185417.52117384365
167,167,167,167,1628,276661.82500705053
168,168,168,168,1629,171305.5765456211
169,169,169,169,1630,324428.831787294
170,170,170,170,1631,195017.03594575642
171,171,171,171,1632,240489.25905280464
172,172,172,172,1633,176112.82913861092
173,173,173,173,1634,183818.61444576396
174,174,174,174,1635,179723.2083097545
175,175,175,175,1636,149905.85032933007
176,176,176,176,1637,180926.5143458681
177,177,177,177,1638,210754.64312414618
178,178,178,178,1639,165551.4721516049
179,179,179,179,1640,245982.35103508562
180,180,180,180,1641,173382.26531337906
181,181,181,181,1642,245080.6988076188
182,182,182,182,1643,228017.3835091923
183,183,183,183,1644,232218.5685357632
184,184,184,184,1645,183520.79579772544
185,185,185,185,1646,158056.84697963056
186,186,186,186,1647,172090.4049036041
187,187,187,187,1648,115910.74625405642
188,188,188,188,1649,130455.95921489844
189,189,189,189,1650,105296.65281514813
190,190,190,190,1651,96891.04653292877
191,191,191,191,1652,109155.99187694058
192,192,192,192,1653,106130.1360341275
193,193,193,193,1654,151385.84938496965
194,194,194,194,1655,151302.5656500378
195,195,195,195,1656,149989.55473679295
196,196,196,196,1657,151860.8976298654
197,197,197,197,1658,160311.867977075
198,198,198,198,1659,130694.88035570124
199,199,199,199,1660,149002.26251851892
200,200,200,200,1661,403774.0405663531
201,201,201,201,1662,362358.0377444102
202,202,202,202,1663,370585.5783457678
203,203,203,203,1664,441546.14781347266
204,204,204,204,1665,322812.65590125346
205,205,205,205,1666,315738.52305585216
206,206,206,206,1667,362510.68525372795
207,207,207,207,1668,349173.5089609671
208,208,208,208,1669,308220.85007548105
209,209,209,209,1670,359183.1297577097
210,210,210,210,1671,253310.73724398913
211,211,211,211,1672,388656.42180516757
212,212,212,212,1673,265414.60037027666
213,213,213,213,1674,231234.84017861486
214,214,214,214,1675,193017.51433628448
215,215,215,215,1676,192028.03576896663
216,216,216,216,1677,216999.24847932236
217,217,217,217,1678,438062.70391698193
218,218,218,218,1679,344932.14761176053
219,219,219,219,1680,336209.9873705496
220,220,220,220,1681,291273.9286029994
221,221,221,221,1682,297341.9442885136
222,222,222,222,1683,182504.22828360202
223,223,223,223,1684,194973.626992523
224,224,224,224,1685,176280.38748602534
225,225,225,225,1686,171675.32965194882
226,226,226,226,1687,182118.02475882947
227,227,227,227,1688,197899.28613638296
228,228,228,228,1689,200701.06088628233
229,229,229,229,1690,209132.46020471674
230,230,230,230,1691,197195.8087206156
231,231,231,231,1692,282465.244795899
232,232,232,232,1693,188921.17215694048
233,233,233,233,1694,170639.87634832042
234,234,234,234,1695,157480.9276179033
235,235,235,235,1696,272607.2420043546
236,236,236,236,1697,147715.2274313501
237,237,237,237,1698,310099.6259459744
238,238,238,238,1699,258083.37012730658
239,239,239,239,1700,245241.1920380554
240,240,240,240,1701,268311.42685495084
241,241,241,241,1702,241445.6344269706
242,242,242,242,1703,230014.1242170482
243,243,243,243,1704,269145.45580006845
244,244,244,244,1705,241919.38697720526
245,245,245,245,1706,409660.893112724
246,246,246,246,1707,215161.6537557264
247,247,247,247,1708,197141.41869459779
248,248,248,248,1709,253254.6539562594
249,249,249,249,1710,213986.94161912758
250,250,250,250,1711,273818.34442781913
251,251,251,251,1712,228760.25794163643
252,252,252,252,1713,271724.16904528654
253,253,253,253,1714,222917.9490405771
254,254,254,254,1715,214792.92339301587
255,255,255,255,1716,189452.4327690258
256,256,256,256,1717,180436.66863425064
257,257,257,257,1718,137174.56055633642
258,258,258,258,1719,211412.80190043882
259,259,259,259,1720,240644.75404873287
260,260,260,260,1721,191924.9885290941
261,261,261,261,1722,130657.71089623374
262,262,262,262,1723,166848.3893476584
263,263,263,263,1724,201133.84744560442
264,264,264,264,1725,245456.39922556037
265,265,265,265,1726,188837.85831500037
266,266,266,266,1727,172571.7584459018
267,267,267,267,1728,198630.4557833208
268,268,268,268,1729,162270.0329585209
269,269,269,269,1730,146845.7770596635
270,270,270,270,1731,110439.84693238612
271,271,271,271,1732,127030.75894200859
272,272,272,272,1733,125336.50123736312
273,273,273,273,1734,120518.14206552994
274,274,274,274,1735,137812.90524460128
275,275,275,275,1736,99709.49193665718
276,276,276,276,1737,306555.7788559492
277,277,277,277,1738,229557.7477188969
278,278,278,278,1739,253646.48729378846
279,279,279,279,1740,183997.74368406425
280,280,280,280,1741,188375.216467453
281,281,281,281,1742,179320.49047715374
282,282,282,282,1743,196831.05434573203
283,283,283,283,1744,317580.625108516
284,284,284,284,1745,227195.85285071057
285,285,285,285,1746,217612.40194352716
286,286,286,286,1747,218173.99897654966
287,287,287,287,1748,202705.125443759
288,288,288,288,1749,150864.45211157584
289,289,289,289,1750,156594.55070956468
290,290,290,290,1751,231539.79791060678
291,291,291,291,1752,112198.35039001495
292,292,292,292,1753,136094.53614729916
293,293,293,293,1754,206581.99284300357
294,294,294,294,1755,190035.53911563806
295,295,295,295,1756,102672.33492482064
296,296,296,296,1757,107861.88211399966
297,297,297,297,1758,133414.29465728172
298,298,298,298,1759,158537.7929422204
299,299,299,299,1760,146638.99897790447
300,300,300,300,1761,153301.22265756252
301,301,301,301,1762,167073.162449567
302,302,302,302,1763,172017.1869648856
303,303,303,303,1764,108444.88060822789
304,304,304,304,1765,204399.34496686433
305,305,305,305,1766,185128.3190526614
306,306,306,306,1767,210893.77758578677
307,307,307,307,1768,146428.12873407855
308,308,308,308,1769,176945.90188242125
309,309,309,309,1770,162381.78419966061
310,310,310,310,1771,125153.39409428902
311,311,311,311,1772,137740.84736204948
312,312,312,312,1773,104956.85784147249
313,313,313,313,1774,150860.1997407723
314,314,314,314,1775,134810.08304354944
315,315,315,315,1776,122700.71524305895
316,316,316,316,1777,130934.89344324873
317,317,317,317,1778,148780.6336404294
318,318,318,318,1779,102108.79918228138
319,319,319,319,1780,182523.70010841265
320,320,320,320,1781,124053.63238718598
321,321,321,321,1782,58264.839539078355
322,322,322,322,1783,143909.44810533334
323,323,323,323,1784,115221.62857532733
324,324,324,324,1785,139624.45401782243
325,325,325,325,1786,122537.93998318349
326,326,326,326,1787,187087.69766648882
327,327,327,327,1788,76362.71166962915
328,328,328,328,1789,117270.3109553167
329,329,329,329,1790,63216.21804870719
330,330,330,330,1791,204453.31078707817
331,331,331,331,1792,152510.55188029498
332,332,332,332,1793,181913.89372733532
333,333,333,333,1794,164205.10497722417
334,334,334,334,1795,143312.52206823428
335,335,335,335,1796,122029.20123678402
336,336,336,336,1797,157175.2619331375
337,337,337,337,1798,103536.13766423186
338,338,338,338,1799,103906.82074167745
339,339,339,339,1800,120283.22076308078
340,340,340,340,1801,113695.68831652665
341,341,341,341,1802,129315.01594634936
342,342,342,342,1803,152812.31717000276
343,343,343,343,1804,153421.63158543425
344,344,344,344,1805,141344.2502952198
345,345,345,345,1806,133061.97993518246
346,346,346,346,1807,179889.2235353918
347,347,347,347,1808,135055.15460480755
348,348,348,348,1809,125333.57748590258
349,349,349,349,1810,132740.35348011839
350,350,350,350,1811,164611.63001998188
351,351,351,351,1812,137484.05434376828
352,352,352,352,1813,121805.38882984658
353,353,353,353,1814,99772.4467510304
354,354,354,354,1815,21982.906974846206
355,355,355,355,1816,124975.99373604669
356,356,356,356,1817,163206.71492021918
357,357,357,357,1818,210688.93645956423
358,358,358,358,1819,149202.41846265082
359,359,359,359,1820,57152.781366560695
360,360,360,360,1821,138158.29323909144
361,361,361,361,1822,162174.40521196087
362,362,362,362,1823,66626.89895890778
363,363,363,363,1824,135859.56401318198
364,364,364,364,1825,111846.86898074644
365,365,365,365,1826,103845.98554696754
366,366,366,366,1827,97421.98973417308
367,367,367,367,1828,128190.03812553632
368,368,368,368,1829,135808.934146068
369,369,369,369,1830,159095.31545367776
370,370,370,370,1831,165893.920294616
371,371,371,371,1832,130612.78353842937
372,372,372,372,1833,161868.00861649684
373,373,373,373,1834,138621.56920639978
374,374,374,374,1835,163302.5863565938
375,375,375,375,1836,144058.14849494415
376,376,376,376,1837,106757.68786922064
377,377,377,377,1838,146043.5435736147
378,378,378,378,1839,101451.39572016972
379,379,379,379,1840,150715.2564121476
380,380,380,380,1841,153803.60462138744
381,381,381,381,1842,106346.04524283147
382,382,382,382,1843,136811.86907348345
383,383,383,383,1844,137670.91579010425
384,384,384,384,1845,135229.15931946316
385,385,385,385,1846,160726.17863691
386,386,386,386,1847,145113.73327785687
387,387,387,387,1848,40875.03690356607
388,388,388,388,1849,99995.1810311525
389,389,389,389,1850,117453.98241140539
390,390,390,390,1851,162385.91732165604
391,391,391,391,1852,119409.19146131545
392,392,392,392,1853,144102.3244864661
393,393,393,393,1854,193275.45313525439
394,394,394,394,1855,185343.9019206148
395,395,395,395,1856,227536.77340087912
396,396,396,396,1857,181220.39196943736
397,397,397,397,1858,143340.167706732
398,398,398,398,1859,99532.9612521127
399,399,399,399,1860,167625.55612770675
400,400,400,400,1861,98925.1559903628
401,401,401,401,1862,284135.2068596231
402,402,402,402,1863,276029.15280887135
403,403,403,403,1864,276105.7421857554
404,404,404,404,1865,351267.35463482793
405,405,405,405,1866,349165.54862657114
406,406,406,406,1867,225066.9743020937
407,407,407,407,1868,291225.3057298702
408,408,408,408,1869,212207.0329425744
409,409,409,409,1870,237511.74515977045
410,410,410,410,1871,250969.92752744223
411,411,411,411,1872,180291.68541060545
412,412,412,412,1873,253979.44502624113
413,413,413,413,1874,129643.04139086304
414,414,414,414,1875,211505.14581073966
415,415,415,415,1876,183610.26923094576
416,416,416,416,1877,234103.6156495744
417,417,417,417,1878,206583.48296299003
418,418,418,418,1879,143580.68398027646
419,419,419,419,1880,119352.00168230123
420,420,420,420,1881,260594.38710350505
421,421,421,421,1882,250388.44652014272
422,422,422,422,1883,206479.07999514326
423,423,423,423,1884,219671.13360935784
424,424,424,424,1885,261057.35605722066
425,425,425,425,1886,293474.1508732847
426,426,426,426,1887,223373.8448078483
427,427,427,427,1888,268093.45669848804
428,428,428,428,1889,177651.56056479044
429,429,429,429,1890,113935.42889313512
430,430,430,430,1891,134314.80020835056
431,431,431,431,1892,87306.75325797196
432,432,432,432,1893,167455.73475887656
433,433,433,433,1894,131567.31842382406
434,434,434,434,1895,143047.32674965897
435,435,435,435,1896,127736.97243741466
436,436,436,436,1897,130067.98693614823
437,437,437,437,1898,118628.52343609632
438,438,438,438,1899,150104.60111080136
439,439,439,439,1900,138679.19644049753
440,440,440,440,1901,160368.2606960436
441,441,441,441,1902,149906.78255214577
442,442,442,442,1903,200909.59331915787
443,443,443,443,1904,116992.64316563382
444,444,444,444,1905,161885.78728337522
445,445,445,445,1906,169710.67016885176
446,446,446,446,1907,196584.24779213057
447,447,447,447,1908,109972.26447533055
448,448,448,448,1909,150309.29155026996
449,449,449,449,1910,128571.97404225045
450,450,450,450,1911,178067.04658563726
451,451,451,451,1912,287127.63274944515
452,452,452,452,1913,154165.7326621862
453,453,453,453,1914,69544.89980757028
454,454,454,454,1915,313855.6205961029
455,455,455,455,1916,85514.40953250954
456,456,456,456,1917,254914.15352063946
457,457,457,457,1918,140177.50379478338
458,458,458,458,1919,167429.1032884843
459,459,459,459,1920,158231.89246841997
460,460,460,460,1921,386695.94213365467
461,461,461,461,1922,354509.2338650121
462,462,462,462,1923,199240.66088248845
463,463,463,463,1924,224448.9854650861
464,464,464,464,1925,215412.21431815863
465,465,465,465,1926,380405.7556373722
466,466,466,466,1927,138805.11018487083
467,467,467,467,1928,149500.0874418125
468,468,468,468,1929,123041.63391836177
469,469,469,469,1930,126346.47650292842
470,470,470,470,1931,135935.26266994796
471,471,471,471,1932,141257.9126934186
472,472,472,472,1933,176080.73507538257
473,473,473,473,1934,168257.57738634324
474,474,474,474,1935,163554.76682312926
475,475,475,475,1936,184004.00638639263
476,476,476,476,1937,175996.93411992205
477,477,477,477,1938,180305.58904351955
478,478,478,478,1939,255234.64228382066
479,479,479,479,1940,196981.55917463845
480,480,480,480,1941,166476.55154763773
481,481,481,481,1942,196613.13242109466
482,482,482,482,1943,208339.60681921575
483,483,483,483,1944,310225.2701613387
484,484,484,484,1945,367152.3308548791
485,485,485,485,1946,197132.31465850578
486,486,486,486,1947,333288.4054372363
487,487,487,487,1948,234828.47591951146
488,488,488,488,1949,260537.76616361903
489,489,489,489,1950,203740.15311059705
490,490,490,490,1951,276167.3857167765
491,491,491,491,1952,246459.5881305146
492,492,492,492,1953,186759.87079830913
493,493,493,493,1954,190010.93884871528
494,494,494,494,1955,130771.99085187097
495,495,495,495,1956,309248.3424844288
496,496,496,496,1957,149120.98775305736
497,497,497,497,1958,293865.47305737203
498,498,498,498,1959,152892.2319077712
499,499,499,499,1960,105366.54548138804
500,500,500,500,1961,117113.88876068607
501,501,501,501,1962,114389.01718765496
502,502,502,502,1963,117914.51181968246
503,503,503,503,1964,109158.56275107057
504,504,504,504,1965,147819.2243341548
505,505,505,505,1966,150318.5446632956
506,506,506,506,1967,284003.6915353474
507,507,507,507,1968,356180.34178827476
508,508,508,508,1969,370079.66210512666
509,509,509,509,1970,379580.84511051397
510,510,510,510,1971,420402.29273599805
511,511,511,511,1972,357895.706695874
512,512,512,512,1973,268489.24788765295
513,513,513,513,1974,320305.30835605133
514,514,514,514,1975,432292.81241301994
515,515,515,515,1976,258565.89210256166
516,516,516,516,1977,333101.079269437
517,517,517,517,1978,308713.7633212438
518,518,518,518,1979,315555.72502505744
519,519,519,519,1980,199731.01552409286
520,520,520,520,1981,352728.2883864261
521,521,521,521,1982,225134.20419479796
522,522,522,522,1983,204048.19044280177
523,523,523,523,1984,186931.34801747545
524,524,524,524,1985,217117.7636571361
525,525,525,525,1986,220952.5746583934
526,526,526,526,1987,172532.8591921398
527,527,527,527,1988,177376.7814523023
528,528,528,528,1989,200567.19370879154
529,529,529,529,1990,213346.19731046783
530,530,530,530,1991,210776.87910328573
531,531,531,531,1992,213187.44296420584
532,532,532,532,1993,186938.27262339773
533,533,533,533,1994,247852.87602708128
534,534,534,534,1995,176209.9083899372
535,535,535,535,1996,244242.40244292413
536,536,536,536,1997,308296.2264544375
537,537,537,537,1998,297651.7900695029
538,538,538,538,1999,271579.80413697666
539,539,539,539,2000,268242.5737295068
540,540,540,540,2001,241464.92007005232
541,541,541,541,2002,263732.69857926824
542,542,542,542,2003,240653.61220154233
543,543,543,543,2004,258439.6721934748
544,544,544,544,2005,252259.22976239707
545,545,545,545,2006,211263.08110698522
546,546,546,546,2007,229954.90316592634
547,547,547,547,2008,205060.08797133958
548,548,548,548,2009,193845.96640931387
549,549,549,549,2010,210221.90987159446
550,550,550,550,2011,151529.60898280656
551,551,551,551,2012,183616.65269970827
552,552,552,552,2013,193264.67310500608
553,553,553,553,2014,201503.95170917868
554,554,554,554,2015,227583.76586618964
555,555,555,555,2016,202014.3891076239
556,556,556,556,2017,214840.57784776064
557,557,557,557,2018,108445.13968281358
558,558,558,558,2019,130099.93904428952
559,559,559,559,2020,122203.21092884135
560,560,560,560,2021,115770.62566030293
561,561,561,561,2022,188169.00827642225
562,562,562,562,2023,155842.04899662835
563,563,563,563,2024,240848.30148248438
564,564,564,564,2025,307141.39128740097
565,565,565,565,2026,176076.4976226791
566,566,566,566,2027,164298.21598692736
567,567,567,567,2028,180105.1889162607
568,568,568,568,2029,157204.96864553698
569,569,569,569,2030,274018.5962554375
570,570,570,570,2031,260631.9690032017
571,571,571,571,2032,285240.05127675494
572,572,572,572,2033,272062.4220641722
573,573,573,573,2034,191674.51881515852
574,574,574,574,2035,197002.36754850522
575,575,575,575,2036,218336.36075102183
576,576,576,576,2037,224361.373597343
577,577,577,577,2038,323065.03905711125
578,578,578,578,2039,220924.7432150519
579,579,579,579,2040,332699.37774658593
580,580,580,580,2041,307360.27383057796
581,581,581,581,2042,195758.62875427664
582,582,582,582,2043,172246.15952354964
583,583,583,583,2044,172661.85003961727
584,584,584,584,2045,211768.11216988202
585,585,585,585,2046,140207.9770638017
586,586,586,586,2047,146555.27598629982
587,587,587,587,2048,127283.27037367299
588,588,588,588,2049,150164.17593037625
589,589,589,589,2050,202920.58731926922
590,590,590,590,2051,83563.855996114
591,591,591,591,2052,116486.61774576444
592,592,592,592,2053,137882.74478002253
593,593,593,593,2054,73882.5880575815
594,594,594,594,2055,182405.34536293778
595,595,595,595,2056,117220.97967875109
596,596,596,596,2057,117916.64657170349
597,597,597,597,2058,217129.1534122746
598,598,598,598,2059,128634.05894111696
599,599,599,599,2060,165259.93256146487
600,600,600,600,2061,181038.25968073928
601,601,601,601,2062,135110.80037957433
602,602,602,602,2063,114236.43624254447
603,603,603,603,2064,135090.0847308382
604,604,604,604,2065,130238.81548896697
605,605,605,605,2066,159843.40785859665
606,606,606,606,2067,106634.33470128945
607,607,607,607,2068,154769.0200462931
608,608,608,608,2069,71908.60873755807
609,609,609,609,2070,107441.832958245
610,610,610,610,2071,80251.32302362147
611,611,611,611,2072,154405.15193656445
612,612,612,612,2073,128325.83472637935
613,613,613,613,2074,178140.62580747955
614,614,614,614,2075,153812.311193234
615,615,615,615,2076,135187.4857261439
616,616,616,616,2077,137201.8528562695
617,617,617,617,2078,117726.6457746094
618,618,618,618,2079,146743.17923935773
619,619,619,619,2080,113747.00478771374
620,620,620,620,2081,144133.10200833104
621,621,621,621,2082,132090.69188780384
622,622,622,622,2083,135691.08910206382
623,623,623,623,2084,95014.40670904842
624,624,624,624,2085,106635.47204380586
625,625,625,625,2086,114217.03770680167
626,626,626,626,2087,118461.99178767616
627,627,627,627,2088,111068.40367765895
628,628,628,628,2089,101003.34142272324
629,629,629,629,2090,156182.744787357
630,630,630,630,2091,105321.83175148128
631,631,631,631,2092,112290.77371640291
632,632,632,632,2093,194888.86554912673
633,633,633,633,2094,144039.62004747445
634,634,634,634,2095,172476.3698122464
635,635,635,635,2096,85476.09481484685
636,636,636,636,2097,123023.93460054361
637,637,637,637,2098,152795.37624132502
638,638,638,638,2099,26680.314114515262
639,639,639,639,2100,97268.15774402121
640,640,640,640,2101,154066.15444932645
641,641,641,641,2102,148075.6526311509
642,642,642,642,2103,98599.01230659486
643,643,643,643,2104,164880.56926487645
644,644,644,644,2105,150304.23616558418
645,645,645,645,2106,113920.57405684973
646,646,646,646,2107,205346.97760316072
647,647,647,647,2108,131269.7382558238
648,648,648,648,2109,88455.72749150901
649,649,649,649,2110,128499.49066374774
650,650,650,650,2111,161344.7815313828
651,651,651,651,2112,132819.22113448026
652,652,652,652,2113,125677.06025778418
653,653,653,653,2114,119652.32897222371
654,654,654,654,2115,163966.33878089013
655,655,655,655,2116,98695.83638918337
656,656,656,656,2117,150516.23586293557
657,657,657,657,2118,131366.4315493128
658,658,658,658,2119,109344.47218595873
659,659,659,659,2120,108597.42054865313
660,660,660,660,2121,60908.06715607087
661,661,661,661,2122,92214.35144364715
662,662,662,662,2123,71772.25106823971
663,663,663,663,2124,180074.48084109498
664,664,664,664,2125,148037.98339335143
665,665,665,665,2126,165461.22940593178
666,666,666,666,2127,167795.9574872523
667,667,667,667,2128,157033.4033775451
668,668,668,668,2129,122233.36572219069
669,669,669,669,2130,154995.40320299703
670,670,670,670,2131,132014.5810330516
671,671,671,671,2132,123062.14771413538
672,672,672,672,2133,119964.73331772322
673,673,673,673,2134,131214.86083967285
674,674,674,674,2135,119531.24188599808
675,675,675,675,2136,102175.22445024595
676,676,676,676,2137,120010.55229362362
677,677,677,677,2138,155697.7741954776
678,678,678,678,2139,151001.6199481497
679,679,679,679,2140,136709.93891593392
680,680,680,680,2141,136761.4046489396
681,681,681,681,2142,115430.7376869401
682,682,682,682,2143,125069.92748016691
683,683,683,683,2144,158782.93872102414
684,684,684,684,2145,130124.88081215374
685,685,685,685,2146,165653.7397268305
686,686,686,686,2147,161803.41242473788
687,687,687,687,2148,140193.79110383714
688,688,688,688,2149,157913.2994778266
689,689,689,689,2150,214982.53640419786
690,690,690,690,2151,128996.18661199992
691,691,691,691,2152,189711.06479787297
692,692,692,692,2153,162310.47397908565
693,693,693,693,2154,123896.89679704198
694,694,694,694,2155,152607.88273105625
695,695,695,695,2156,260036.00266545702
696,696,696,696,2157,239583.57529682975
697,697,697,697,2158,239382.71353539886
698,698,698,698,2159,210965.0002731434
699,699,699,699,2160,192421.14953029418
700,700,700,700,2161,230948.2844866636
701,701,701,701,2162,368630.54115720314
702,702,702,702,2163,354994.2739501964
703,703,703,703,2164,246836.35618267563
704,704,704,704,2165,167799.99367647924
705,705,705,705,2166,141478.43911539356
706,706,706,706,2167,216556.01867612905
707,707,707,707,2168,207316.8987884906
708,708,708,708,2169,216768.02018524276
709,709,709,709,2170,237122.99276269285
710,710,710,710,2171,150711.38249710578
711,711,711,711,2172,124373.06306110599
712,712,712,712,2173,134755.174057654
713,713,713,713,2174,229613.11805587655
714,714,714,714,2175,287155.02127147326
715,715,715,715,2176,305749.0010974418
716,716,716,716,2177,238245.68546503148
717,717,717,717,2178,230025.85996128476
718,718,718,718,2179,158575.1173568833
719,719,719,719,2180,224388.82956783735
720,720,720,720,2181,197685.25121160547
721,721,721,721,2182,216171.5069600383
722,722,722,722,2183,197341.73314941252
723,723,723,723,2184,125753.21661731573
724,724,724,724,2185,130045.80453918964
725,725,725,725,2186,153403.11831630103
726,726,726,726,2187,142473.32527299115
727,727,727,727,2188,144134.43101059648
728,728,728,728,2189,279044.0979301052
729,729,729,729,2190,60070.940085643975
730,730,730,730,2191,61795.236057113885
731,731,731,731,2192,86911.40061608324
732,732,732,732,2193,133825.67275299743
733,733,733,733,2194,83026.7249677978
734,734,734,734,2195,116291.93229105588
735,735,735,735,2196,112110.44577985063
736,736,736,736,2197,106117.05489857195
737,737,737,737,2198,149704.61594323505
738,738,738,738,2199,168981.49297459627
739,739,739,739,2200,144193.1243188013
740,740,740,740,2201,157617.95804984792
741,741,741,741,2202,221567.14032976498
742,742,742,742,2203,154594.2506756542
743,743,743,743,2204,168453.53669895948
744,744,744,744,2205,118033.47148318961
745,745,745,745,2206,137009.6864285954
746,746,746,746,2207,202815.79741321527
747,747,747,747,2208,212896.83519173862
748,748,748,748,2209,214972.23798063313
749,749,749,749,2210,130188.40725724021
750,750,750,750,2211,117802.326478978
751,751,751,751,2212,135992.21191361203
752,752,752,752,2213,112839.29552887152
753,753,753,753,2214,160561.24323622705
754,754,754,754,2215,92318.85619708475
755,755,755,755,2216,155386.1777100352
756,756,756,756,2217,78096.18642309269
757,757,757,757,2218,80412.76603139086
758,758,758,758,2219,73199.93737291617
759,759,759,759,2220,122349.07239136647
760,760,760,760,2221,315052.53343735845
761,761,761,761,2222,271361.01842923043
762,762,762,762,2223,296226.3693212918
763,763,763,763,2224,209733.9387169716
764,764,764,764,2225,131383.1483772943
765,765,765,765,2226,171647.54247570806
766,766,766,766,2227,207775.29882160886
767,767,767,767,2228,276611.2164288929
768,768,768,768,2229,255094.7804200939
769,769,769,769,2230,130424.12213020978
770,770,770,770,2231,211629.44913279125
771,771,771,771,2232,165854.73122386463
772,772,772,772,2233,216692.2624201657
773,773,773,773,2234,262566.86777725717
774,774,774,774,2235,238338.15517887744
775,775,775,775,2236,259681.324061353
776,776,776,776,2237,312657.8132260025
777,777,777,777,2238,210118.5035167227
778,778,778,778,2239,111897.2383697776
779,779,779,779,2240,176023.53760127974
780,780,780,780,2241,156628.6369037763
781,781,781,781,2242,132699.71480755258
782,782,782,782,2243,123933.19853132969
783,783,783,783,2244,95351.95035179918
784,784,784,784,2245,91734.86867814441
785,785,785,785,2246,159063.35333175852
786,786,786,786,2247,108642.5859699341
787,787,787,787,2248,104442.02280975184
788,788,788,788,2249,118561.11469347803
789,789,789,789,2250,128523.62401041572
790,790,790,790,2251,229983.04172984566
791,791,791,791,2252,179085.6541455506
792,792,792,792,2253,141856.8014389299
793,793,793,793,2254,159952.7980901874
794,794,794,794,2255,186258.85690848035
795,795,795,795,2256,203980.11050861503
796,796,796,796,2257,186763.22921734152
797,797,797,797,2258,170139.4052768476
798,798,798,798,2259,157435.94931012607
799,799,799,799,2260,168437.57868096404
800,800,800,800,2261,187213.91550903925
801,801,801,801,2262,221909.11556894443
802,802,802,802,2263,335274.6930614705
803,803,803,803,2264,455764.5375905847
804,804,804,804,2265,237686.3264420551
805,805,805,805,2266,296350.5450266922
806,806,806,806,2267,325053.99003213976
807,807,807,807,2268,378356.1439689824
808,808,808,808,2269,160051.8289087928
809,809,809,809,2270,209169.91447663112
810,810,810,810,2271,236060.5904277815
811,811,811,811,2272,219992.69404199318
812,812,812,812,2273,180403.7438313432
813,813,813,813,2274,176802.77632256778
814,814,814,814,2275,177653.14110219502
815,815,815,815,2276,194331.08481023528
816,816,816,816,2277,184982.28006747813
817,817,817,817,2278,138235.82239601217
818,818,818,818,2279,132844.84046995468
819,819,819,819,2280,109505.1018615901
820,820,820,820,2281,165596.7368528595
821,821,821,821,2282,205164.79827318757
822,822,822,822,2283,116237.10826797587
823,823,823,823,2284,143445.04712647878
824,824,824,824,2285,153112.20481069098
825,825,825,825,2286,121159.75516404341
826,826,826,826,2287,354421.60805238853
827,827,827,827,2288,259926.2703693746
828,828,828,828,2289,304944.45287443255
829,829,829,829,2290,404965.27736810606
830,830,830,830,2291,310486.06136618205
831,831,831,831,2292,397808.6779560989
832,832,832,832,2293,413718.8554196938
833,833,833,833,2294,342226.4026979558
834,834,834,834,2295,428726.03408790176
835,835,835,835,2296,264395.53422033595
836,836,836,836,2297,332822.80660750676
837,837,837,837,2298,330265.0071436402
838,838,838,838,2299,315589.5401172696
839,839,839,839,2300,316624.0867889159
840,840,840,840,2301,298218.9357040215
841,841,841,841,2302,246652.95183263498
842,842,842,842,2303,229978.14643656623
843,843,843,843,2304,241745.47439976968
844,844,844,844,2305,189129.7253411124
845,845,845,845,2306,193340.80722388712
846,846,846,846,2307,189359.10203190954
847,847,847,847,2308,212365.10497060302
848,848,848,848,2309,322122.78928428184
849,849,849,849,2310,203234.0234683687
850,850,850,850,2311,207663.6571481965
851,851,851,851,2312,195893.93802194908
852,852,852,852,2313,181225.40154057345
853,853,853,853,2314,187973.7373146822
854,854,854,854,2315,177670.12608496886
855,855,855,855,2316,187201.80327982333
856,856,856,856,2317,188884.157547555
857,857,857,857,2318,176796.52626260085
858,858,858,858,2319,188596.98295979737
859,859,859,859,2320,183915.28631720413
860,860,860,860,2321,235806.17621284848
861,861,861,861,2322,174187.97969568154
862,862,862,862,2323,209485.79695306698
863,863,863,863,2324,190458.6972636619
864,864,864,864,2325,204644.98808481157
865,865,865,865,2326,188005.81034735148
866,866,866,866,2327,210695.36160715303
867,867,867,867,2328,229061.92289458442
868,868,868,868,2329,177725.25401224507
869,869,869,869,2330,163493.25232910318
870,870,870,870,2331,308194.50952131586
871,871,871,871,2332,341485.4417059366
872,872,872,872,2333,297127.7798203732
873,873,873,873,2334,239655.16335610248
874,874,874,874,2335,277703.79884337046
875,875,875,875,2336,300596.5073968859
876,876,876,876,2337,197720.95420633978
877,877,877,877,2338,263751.81457713817
878,878,878,878,2339,219861.70106275246
879,879,879,879,2340,398258.9628935143
880,880,880,880,2341,201547.21375989768
881,881,881,881,2342,235583.6914426257
882,882,882,882,2343,222082.1789478666
883,883,883,883,2344,219893.5130835848
884,884,884,884,2345,237325.6986498718
885,885,885,885,2346,210171.31278317876
886,886,886,886,2347,193464.3431092744
887,887,887,887,2348,235393.82366286422
888,888,888,888,2349,171992.41483939334
889,889,889,889,2350,305189.10586012155
890,890,890,890,2351,270160.5631303451
891,891,891,891,2352,233511.93007338117
892,892,892,892,2353,230636.7107309917
893,893,893,893,2354,124639.27018636445
894,894,894,894,2355,165669.69078944833
895,895,895,895,2356,176311.97912353202
896,896,896,896,2357,196350.70455214434
897,897,897,897,2358,210240.87327198318
898,898,898,898,2359,128387.32683770315
899,899,899,899,2360,108859.1659315058
900,900,900,900,2361,135492.60843019528
901,901,901,901,2362,280776.1334179813
902,902,902,902,2363,154890.65587776285
903,903,903,903,2364,183017.32664393957
904,904,904,904,2365,222760.20808544834
905,905,905,905,2366,188684.79320781984
906,906,906,906,2367,206908.1027219468
907,907,907,907,2368,224563.57877852098
908,908,908,908,2369,210344.63342428702
909,909,909,909,2370,155603.5926836954
910,910,910,910,2371,177520.0076757956
911,911,911,911,2372,192066.7843833707
912,912,912,912,2373,280211.7023635434
913,913,913,913,2374,308721.2372413209
914,914,914,914,2375,226704.36351122175
915,915,915,915,2376,283039.2001365867
916,916,916,916,2377,324258.81919956935
917,917,917,917,2378,132433.06736816617
918,918,918,918,2379,202817.11257688323
919,919,919,919,2380,162645.41008054226
920,920,920,920,2381,180193.7151799921
921,921,921,921,2382,185571.0893048635
922,922,922,922,2383,190331.56541973524
923,923,923,923,2384,245543.44565840816
924,924,924,924,2385,154567.02427156898
925,925,925,925,2386,143536.27038840996
926,926,926,926,2387,127486.0904437787
927,927,927,927,2388,86854.25589475594
928,928,928,928,2389,125867.42456587263
929,929,929,929,2390,130665.65348787887
930,930,930,930,2391,133497.5059879654
931,931,931,931,2392,100141.21825692095
932,932,932,932,2393,166206.42797349737
933,933,933,933,2394,140207.51443459393
934,934,934,934,2395,185336.59513638308
935,935,935,935,2396,139619.6291007701
936,936,936,936,2397,227922.30018348127
937,937,937,937,2398,115301.69580017228
938,938,938,938,2399,105706.74508946708
939,939,939,939,2400,59778.13902506321
940,940,940,940,2401,92732.49040572996
941,941,941,941,2402,121054.78281544294
942,942,942,942,2403,143601.44404333123
943,943,943,943,2404,130142.0481893677
944,944,944,944,2405,155038.69367461212
945,945,945,945,2406,150656.7888137812
946,946,946,946,2407,144534.71897050674
947,947,947,947,2408,134319.96695852434
948,948,948,948,2409,112986.53020513117
949,949,949,949,2410,169891.51856297906
950,950,950,950,2411,116686.50857756988
951,951,951,951,2412,146902.79109924592
952,952,952,952,2413,125597.48254259523
953,953,953,953,2414,153319.0611121825
954,954,954,954,2415,133806.9178142327
955,955,955,955,2416,137383.60812837328
956,956,956,956,2417,122929.53811094022
957,957,957,957,2418,112419.68725532714
958,958,958,958,2419,135787.2644594447
959,959,959,959,2420,123439.76898667071
960,960,960,960,2421,124173.49089071059
961,961,961,961,2422,126697.86206527939
962,962,962,962,2423,146314.84970321393
963,963,963,963,2424,128504.42178078
964,964,964,964,2425,241184.77203027302
965,965,965,965,2426,142810.44976519153
966,966,966,966,2427,141655.28039145324
967,967,967,967,2428,166475.42813489382
968,968,968,968,2429,103428.74339588173
969,969,969,969,2430,141791.40186562808
970,970,970,970,2431,118000.58468713055
971,971,971,971,2432,128214.88234062066
972,972,972,972,2433,126555.85262932355
973,973,973,973,2434,133564.31574523164
974,974,974,974,2435,149832.00480694755
975,975,975,975,2436,80490.74592566452
976,976,976,976,2437,96799.40438057798
977,977,977,977,2438,115481.60030959023
978,978,978,978,2439,118014.57918652339
979,979,979,979,2440,141217.49489449817
980,980,980,980,2441,154051.49544760273
981,981,981,981,2442,88328.07666245694
982,982,982,982,2443,102073.11688549083
983,983,983,983,2444,132160.06300412538
984,984,984,984,2445,106478.97951526754
985,985,985,985,2446,123806.52609501127
986,986,986,986,2447,221765.15061906152
987,987,987,987,2448,152965.3728976859
988,988,988,988,2449,113536.17958799476
989,989,989,989,2450,167295.38715209783
990,990,990,990,2451,126713.57325649817
991,991,991,991,2452,206559.9859931937
992,992,992,992,2453,69802.29768422361
993,993,993,993,2454,88856.9923075189
994,994,994,994,2455,108353.12732960124
995,995,995,995,2456,166301.97429895846
996,996,996,996,2457,115336.56298481888
997,997,997,997,2458,127824.63000318773
998,998,998,998,2459,105498.60608157556
999,999,999,999,2460,139680.03267765875
1000,1000,1000,1000,2461,108929.1536448989
1001,1001,1001,1001,2462,114388.93286654883
1002,1002,1002,1002,2463,128930.90573050609
1003,1003,1003,1003,2464,174441.27287417042
1004,1004,1004,1004,2465,153509.4717774966
1005,1005,1005,1005,2466,141516.18893591096
1006,1006,1006,1006,2467,166397.9270365885
1007,1007,1007,1007,2468,97266.05868120078
1008,1008,1008,1008,2469,104789.13121930519
1009,1009,1009,1009,2470,190970.6687652002
1010,1010,1010,1010,2471,197264.44361103143
1011,1011,1011,1011,2472,194725.53570079303
1012,1012,1012,1012,2473,133135.93900046585
1013,1013,1013,1013,2474,130182.74372336992
1014,1014,1014,1014,2475,206978.21268155676
1015,1015,1015,1015,2476,115524.76238075405
1016,1016,1016,1016,2477,142663.79631022818
1017,1017,1017,1017,2478,167693.69851553312
1018,1018,1018,1018,2479,117454.96295790016
1019,1019,1019,1019,2480,137285.2998301937
1020,1020,1020,1020,2481,118000.03695337515
1021,1021,1021,1021,2482,133356.61373612535
1022,1022,1022,1022,2483,102827.90596463784
1023,1023,1023,1023,2484,110710.5634987434
1024,1024,1024,1024,2485,115433.84316550128
1025,1025,1025,1025,2486,140963.75622777198
1026,1026,1026,1026,2487,201794.75805830388
1027,1027,1027,1027,2488,157095.69995662844
1028,1028,1028,1028,2489,167768.84999242466
1029,1029,1029,1029,2490,127720.59300864843
1030,1030,1030,1030,2491,101190.97117322349
1031,1031,1031,1031,2492,167974.0056296138
1032,1032,1032,1032,2493,145860.78788037886
1033,1033,1033,1033,2494,176492.5246085011
1034,1034,1034,1034,2495,105255.67500789808
1035,1035,1035,1035,2496,207638.78338316057
1036,1036,1036,1036,2497,173708.8788304717
1037,1037,1037,1037,2498,106036.78384275685
1038,1038,1038,1038,2499,84389.32028089312
1039,1039,1039,1039,2500,115732.30916275358
1040,1040,1040,1040,2501,154870.18128854778
1041,1041,1041,1041,2502,156176.922412671
1042,1042,1042,1042,2503,126143.95252327659
1043,1043,1043,1043,2504,202522.84684902974
1044,1044,1044,1044,2505,224693.97510102257
1045,1045,1045,1045,2506,232248.8305160096
1046,1046,1046,1046,2507,257881.3775802605
1047,1047,1047,1047,2508,234436.8027151017
1048,1048,1048,1048,2509,215365.25999443425
1049,1049,1049,1049,2510,219965.48364852494
1050,1050,1050,1050,2511,185465.67100793525
1051,1051,1051,1051,2512,211478.90054425353
1052,1052,1052,1052,2513,230489.1167129977
1053,1053,1053,1053,2514,236427.04991618462
1054,1054,1054,1054,2515,153856.2081817058
1055,1055,1055,1055,2516,174082.4099629629
1056,1056,1056,1056,2517,126986.7254934251
1057,1057,1057,1057,2518,148018.191925917
1058,1058,1058,1058,2519,227541.54349885054
1059,1059,1059,1059,2520,221154.71670287434
1060,1060,1060,1060,2521,205775.1120696946
1061,1061,1061,1061,2522,231830.39596576052
1062,1062,1062,1062,2523,136857.54232616385
1063,1063,1063,1063,2524,130577.45265925335
1064,1064,1064,1064,2525,133950.48959158215
1065,1065,1065,1065,2526,143579.6755675638
1066,1066,1066,1066,2527,127599.38580579509
1067,1067,1067,1067,2528,113270.88569157606
1068,1068,1068,1068,2529,150017.32566156978
1069,1069,1069,1069,2530,102391.88745743094
1070,1070,1070,1070,2531,239821.84490198537
1071,1071,1071,1071,2532,233834.34066399402
1072,1072,1072,1072,2533,205275.61604934934
1073,1073,1073,1073,2534,234470.3346451431
1074,1074,1074,1074,2535,293992.368211317
1075,1075,1075,1075,2536,247110.99716404564
1076,1076,1076,1076,2537,247709.079119423
1077,1077,1077,1077,2538,194588.26114544674
1078,1078,1078,1078,2539,204307.0248722877
1079,1079,1079,1079,2540,171957.71178280353
1080,1080,1080,1080,2541,193705.2997150589
1081,1081,1081,1081,2542,162697.37173031186
1082,1082,1082,1082,2543,140672.46682921186
1083,1083,1083,1083,2544,101261.27849235212
1084,1084,1084,1084,2545,145507.6838859021
1085,1085,1085,1085,2546,136810.919176822
1086,1086,1086,1086,2547,135404.31924501492
1087,1087,1087,1087,2548,145080.8462234366
1088,1088,1088,1088,2549,148210.33571052275
1089,1089,1089,1089,2550,659941.3614457201
1090,1090,1090,1090,2551,142174.49687218937
1091,1091,1091,1091,2552,122432.68758762992
1092,1092,1092,1092,2553,81695.5523387064
1093,1093,1093,1093,2554,105197.59140739456
1094,1094,1094,1094,2555,116758.3833406467
1095,1095,1095,1095,2556,92481.53510956315
1096,1096,1096,1096,2557,105179.23323077237
1097,1097,1097,1097,2558,177357.53539100816
1098,1098,1098,1098,2559,127843.56127714588
1099,1099,1099,1099,2560,127431.9105622633
1100,1100,1100,1100,2561,142970.2237261791
1101,1101,1101,1101,2562,127109.87447343141
1102,1102,1102,1102,2563,133283.4549397491
1103,1103,1103,1103,2564,171530.17567121863
1104,1104,1104,1104,2565,103922.06991226351
1105,1105,1105,1105,2566,126114.86554208236
1106,1106,1106,1106,2567,132698.69622694486
1107,1107,1107,1107,2568,202424.02787666337
1108,1108,1108,1108,2569,207552.5501793304
1109,1109,1109,1109,2570,129409.84660011932
1110,1110,1110,1110,2571,167612.4729065704
1111,1111,1111,1111,2572,174375.65770757926
1112,1112,1112,1112,2573,223497.13484099996
1113,1113,1113,1113,2574,248782.19655595836
1114,1114,1114,1114,2575,156224.3718385954
1115,1115,1115,1115,2576,131104.49392788883
1116,1116,1116,1116,2577,163744.58030244225
1117,1117,1117,1117,2578,80345.6270480878
1118,1118,1118,1118,2579,31923.921465026942
1119,1119,1119,1119,2580,135062.766945462
1120,1120,1120,1120,2581,123961.35269355893
1121,1121,1121,1121,2582,135759.10560601635
1122,1122,1122,1122,2583,252692.59340149077
1123,1123,1123,1123,2584,186828.84358936365
1124,1124,1124,1124,2585,183998.720170375
1125,1125,1125,1125,2586,240545.42623317172
1126,1126,1126,1126,2587,208243.50557465674
1127,1127,1127,1127,2588,139344.87600898516
1128,1128,1128,1128,2589,160531.54387422645
1129,1129,1129,1129,2590,213324.84720935387
1130,1130,1130,1130,2591,184677.60019029572
1131,1131,1131,1131,2592,204215.46835557424
1132,1132,1132,1132,2593,250841.26044648048
1133,1133,1133,1133,2594,183482.42463176692
1134,1134,1134,1134,2595,226934.155904565
1135,1135,1135,1135,2596,278195.4909514901
1136,1136,1136,1136,2597,192398.87413710103
1137,1137,1137,1137,2598,261936.86628350714
1138,1138,1138,1138,2599,347765.31776450295
1139,1139,1139,1139,2600,174040.88661855293
1140,1140,1140,1140,2601,148996.2320317666
1141,1141,1141,1141,2602,80900.43588680262
1142,1142,1142,1142,2603,94671.3179426994
1143,1143,1143,1143,2604,77225.58010366248
1144,1144,1144,1144,2605,76153.68502007134
1145,1145,1145,1145,2606,158666.04325756736
1146,1146,1146,1146,2607,195782.38553188468
1147,1147,1147,1147,2608,226728.96869660742
1148,1148,1148,1148,2609,150865.35591667893
1149,1149,1149,1149,2610,113638.96736462472
1150,1150,1150,1150,2611,176267.3895912799
1151,1151,1151,1151,2612,159645.46219608872
1152,1152,1152,1152,2613,126908.72595214321
1153,1153,1153,1153,2614,115621.99291826278
1154,1154,1154,1154,2615,152866.06529154885
1155,1155,1155,1155,2616,155388.13832720678
1156,1156,1156,1156,2617,191046.74677903386
1157,1157,1157,1157,2618,283145.78081207257
1158,1158,1158,1158,2619,187256.24622939902
1159,1159,1159,1159,2620,161490.43196165544
1160,1160,1160,1160,2621,170281.14635288785
1161,1161,1161,1161,2622,168592.6927330301
1162,1162,1162,1162,2623,245892.82655757613
1163,1163,1163,1163,2624,248044.49844701454
1164,1164,1164,1164,2625,277718.7206046901
1165,1165,1165,1165,2626,158059.2662140191
1166,1166,1166,1166,2627,166190.41213505602
1167,1167,1167,1167,2628,374871.7822432419
1168,1168,1168,1168,2629,417817.7604211791
1169,1169,1169,1169,2630,306977.52880925534
1170,1170,1170,1170,2631,416588.1055564466
1171,1171,1171,1171,2632,343221.7342419326
1172,1172,1172,1172,2633,290393.61841251777
1173,1173,1173,1173,2634,380115.7726675142
1174,1174,1174,1174,2635,166744.6680035395
1175,1175,1175,1175,2636,180867.6817574727
1176,1176,1176,1176,2637,220260.71801541187
1177,1177,1177,1177,2638,253021.5076175427
1178,1178,1178,1178,2639,182147.20431961783
1179,1179,1179,1179,2640,151930.19053450928
1180,1180,1180,1180,2641,87787.54338144389
1181,1181,1181,1181,2642,205505.15031306207
1182,1182,1182,1182,2643,114281.49054046723
1183,1183,1183,1183,2644,129423.93508295016
1184,1184,1184,1184,2645,112130.59802381802
1185,1185,1185,1185,2646,108106.58499059814
1186,1186,1186,1186,2647,116946.01304943745
1187,1187,1187,1187,2648,146977.70787637564
1188,1188,1188,1188,2649,120985.24580837689
1189,1189,1189,1189,2650,129569.91353912135
1190,1190,1190,1190,2651,142011.34617764858
1191,1191,1191,1191,2652,376878.7935173647
1192,1192,1192,1192,2653,245642.48707832844
1193,1193,1193,1193,2654,246927.4053278435
1194,1194,1194,1194,2655,381004.31826896546
1195,1195,1195,1195,2656,293049.0214818253
1196,1196,1196,1196,2657,357712.38039831055
1197,1197,1197,1197,2658,295346.8765274517
1198,1198,1198,1198,2659,278709.74523254833
1199,1199,1199,1199,2660,326467.37396934966
1200,1200,1200,1200,2661,344170.8263411062
1201,1201,1201,1201,2662,366506.0871796706
1202,1202,1202,1202,2663,272704.7515930881
1203,1203,1203,1203,2664,307623.8835482355
1204,1204,1204,1204,2665,314431.8696149164
1205,1205,1205,1205,2666,292484.7647387695
1206,1206,1206,1206,2667,177482.6587449342
1207,1207,1207,1207,2668,196463.17790195963
1208,1208,1208,1208,2669,178383.19795186273
1209,1209,1209,1209,2670,258417.8722112165
1210,1210,1210,1210,2671,194053.7175048516
1211,1211,1211,1211,2672,187631.37255412014
1212,1212,1212,1212,2673,207911.51186207274
1213,1213,1213,1213,2674,209377.23788080944
1214,1214,1214,1214,2675,168988.1485006416
1215,1215,1215,1215,2676,198871.6813188199
1216,1216,1216,1216,2677,189618.950001897
1217,1217,1217,1217,2678,240048.10927098
1218,1218,1218,1218,2679,264695.53297806694
1219,1219,1219,1219,2680,264838.9837441369
1220,1220,1220,1220,2681,365930.27195186017
1221,1221,1221,1221,2682,286675.7739093497
1222,1222,1222,1222,2683,389303.42905753234
1223,1223,1223,1223,2684,275739.906203818
1224,1224,1224,1224,2685,283136.4080825524
1225,1225,1225,1225,2686,246694.54965048423
1226,1226,1226,1226,2687,307936.85693735234
1227,1227,1227,1227,2688,219367.27679674682
1228,1228,1228,1228,2689,207067.7303154349
1229,1229,1229,1229,2690,384355.6018188492
1230,1230,1230,1230,2691,190633.04100219093
1231,1231,1231,1231,2692,127301.90233198491
1232,1232,1232,1232,2693,201623.93817794797
1233,1233,1233,1233,2694,147487.25625678804
1234,1234,1234,1234,2695,200647.9315425255
1235,1235,1235,1235,2696,194651.88580350415
1236,1236,1236,1236,2697,175337.26887966585
1237,1237,1237,1237,2698,208813.28464583424
1238,1238,1238,1238,2699,198746.52206238094
1239,1239,1239,1239,2700,172886.9751227599
1240,1240,1240,1240,2701,165177.64063276854
1241,1241,1241,1241,2702,114870.42399971974
1242,1242,1242,1242,2703,131713.7402355178
1243,1243,1243,1243,2704,132218.63249281162
1244,1244,1244,1244,2705,119667.58719871554
1245,1245,1245,1245,2706,103494.94666033864
1246,1246,1246,1246,2707,110887.13414424827
1247,1247,1247,1247,2708,133224.22313190758
1248,1248,1248,1248,2709,107424.56209925379
1249,1249,1249,1249,2710,118188.87602879734
1250,1250,1250,1250,2711,279923.19768050464
1251,1251,1251,1251,2712,330542.93793134275
1252,1252,1252,1252,2713,174021.8032223046
1253,1253,1253,1253,2714,167862.3022046386
1254,1254,1254,1254,2715,175689.17965308003
1255,1255,1255,1255,2716,168187.42567107306
1256,1256,1256,1256,2717,195808.86593590537
1257,1257,1257,1257,2718,215990.33580769307
1258,1258,1258,1258,2719,162274.968052899
1259,1259,1259,1259,2720,173964.8808276854
1260,1260,1260,1260,2721,133935.58337352754
1261,1261,1261,1261,2722,162140.86263343663
1262,1262,1262,1262,2723,156070.20252865774
1263,1263,1263,1263,2724,128252.76942556653
1264,1264,1264,1264,2725,128636.00240977985
1265,1265,1265,1265,2726,135786.1446787938
1266,1266,1266,1266,2727,172417.5624222129
1267,1267,1267,1267,2728,147570.85388541612
1268,1268,1268,1268,2729,137361.2459248621
1269,1269,1269,1269,2730,136029.93593929097
1270,1270,1270,1270,2731,125124.8370197923
1271,1271,1271,1271,2732,105999.1091340243
1272,1272,1272,1272,2733,150095.4826214752
1273,1273,1273,1273,2734,133335.56971806276
1274,1274,1274,1274,2735,138286.6594657018
1275,1275,1275,1275,2736,128634.72874406814
1276,1276,1276,1276,2737,115004.26096405718
1277,1277,1277,1277,2738,137241.5636623727
1278,1278,1278,1278,2739,168122.69414490374
1279,1279,1279,1279,2740,126801.76293242772
1280,1280,1280,1280,2741,154376.1543761287
1281,1281,1281,1281,2742,144218.2198458044
1282,1282,1282,1282,2743,135646.51947758655
1283,1283,1283,1283,2744,154239.3360603568
1284,1284,1284,1284,2745,152366.2584553727
1285,1285,1285,1285,2746,129768.74608087842
1286,1286,1286,1286,2747,137119.74162361462
1287,1287,1287,1287,2748,121287.75644369048
1288,1288,1288,1288,2749,122780.83837258114
1289,1289,1289,1289,2750,121012.91620030446
1290,1290,1290,1290,2751,131496.2668479659
1291,1291,1291,1291,2752,215930.40068863455
1292,1292,1292,1292,2753,153918.06819145524
1293,1293,1293,1293,2754,262167.159407759
1294,1294,1294,1294,2755,138296.82157842536
1295,1295,1295,1295,2756,74968.30732101273
1296,1296,1296,1296,2757,74234.54607849904
1297,1297,1297,1297,2758,111128.06094911102
1298,1298,1298,1298,2759,154295.91508811442
1299,1299,1299,1299,2760,156310.83343428094
1300,1300,1300,1300,2761,143916.34075874463
1301,1301,1301,1301,2762,147381.3895155502
1302,1302,1302,1302,2763,178145.63249353456
1303,1303,1303,1303,2764,151817.03300423833
1304,1304,1304,1304,2765,231596.3656400034
1305,1305,1305,1305,2766,146773.44951206556
1306,1306,1306,1306,2767,57407.23822587343
1307,1307,1307,1307,2768,121052.13625121856
1308,1308,1308,1308,2769,127609.14408250368
1309,1309,1309,1309,2770,163207.7519057843
1310,1310,1310,1310,2771,107979.92168169635
1311,1311,1311,1311,2772,118350.83283718322
1312,1312,1312,1312,2773,186222.0492112627
1313,1313,1313,1313,2774,140166.55475625378
1314,1314,1314,1314,2775,133019.59299961964
1315,1315,1315,1315,2776,159035.48813463558
1316,1316,1316,1316,2777,159716.41729758814
1317,1317,1317,1317,2778,132327.58751390324
1318,1318,1318,1318,2779,164178.04094752285
1319,1319,1319,1319,2780,123277.58305840031
1320,1320,1320,1320,2781,88900.22713632447
1321,1321,1321,1321,2782,80304.46198881842
1322,1322,1322,1322,2783,82839.30319628838
1323,1323,1323,1323,2784,119703.03131595504
1324,1324,1324,1324,2785,135852.43191083457
1325,1325,1325,1325,2786,76124.99796925673
1326,1326,1326,1326,2787,158078.4040147497
1327,1327,1327,1327,2788,76821.34547052547
1328,1328,1328,1328,2789,182023.08360334855
1329,1329,1329,1329,2790,99466.94633466976
1330,1330,1330,1330,2791,114025.95603802644
1331,1331,1331,1331,2792,102972.03897254988
1332,1332,1332,1332,2793,156455.52386370342
1333,1333,1333,1333,2794,93681.75092496497
1334,1334,1334,1334,2795,118282.79621496995
1335,1335,1335,1335,2796,99967.36237933364
1336,1336,1336,1336,2797,242479.45677665522
1337,1337,1337,1337,2798,126425.03382403137
1338,1338,1338,1338,2799,158771.50345191194
1339,1339,1339,1339,2800,94742.99057536747
1340,1340,1340,1340,2801,125896.41231476734
1341,1341,1341,1341,2802,133003.86080471487
1342,1342,1342,1342,2803,175086.9439631207
1343,1343,1343,1343,2804,131866.56308975868
1344,1344,1344,1344,2805,84810.21725430609
1345,1345,1345,1345,2806,87713.05004235168
1346,1346,1346,1346,2807,155268.6814274225
1347,1347,1347,1347,2808,139305.19192920308
1348,1348,1348,1348,2809,133456.4172402286
1349,1349,1349,1349,2810,127372.15698625254
1350,1350,1350,1350,2811,132708.9681201821
1351,1351,1351,1351,2812,147030.90481402475
1352,1352,1352,1352,2813,168414.07892578046
1353,1353,1353,1353,2814,166956.1037035201
1354,1354,1354,1354,2815,137565.48499066007
1355,1355,1355,1355,2816,236261.19052319188
1356,1356,1356,1356,2817,134216.96365537337
1357,1357,1357,1357,2818,131568.90884477738
1358,1358,1358,1358,2819,184227.30136209237
1359,1359,1359,1359,2820,124846.45215834613
1360,1360,1360,1360,2821,109030.564414495
1361,1361,1361,1361,2822,188423.76603379013
1362,1362,1362,1362,2823,293198.2618290774
1363,1363,1363,1363,2824,162210.77043010798
1364,1364,1364,1364,2825,113399.27390502304
1365,1365,1365,1365,2826,120564.47063068942
1366,1366,1366,1366,2827,158749.77074437455
1367,1367,1367,1367,2828,258132.62770979846
1368,1368,1368,1368,2829,196804.85956024192
1369,1369,1369,1369,2830,227491.13430848913
1370,1370,1370,1370,2831,196258.00299601821
1371,1371,1371,1371,2832,247591.82664857834
1372,1372,1372,1372,2833,300242.99549669144
1373,1373,1373,1373,2834,217435.35196347395
1374,1374,1374,1374,2835,208202.3978255555
1375,1375,1375,1375,2836,203769.29333938519
1376,1376,1376,1376,2837,183392.0595646587
1377,1377,1377,1377,2838,132854.47167160874
1378,1378,1378,1378,2839,186125.49790523094
1379,1379,1379,1379,2840,196005.30371311388
1380,1380,1380,1380,2841,220207.2767205144
1381,1381,1381,1381,2842,242757.55628249212
1382,1382,1382,1382,2843,158375.4004228212
1383,1383,1383,1383,2844,157215.2402529354
1384,1384,1384,1384,2845,106513.1315711157
1385,1385,1385,1385,2846,222470.51507774834
1386,1386,1386,1386,2847,185958.25857017527
1387,1387,1387,1387,2848,232699.5068798596
1388,1388,1388,1388,2849,213583.83741742896
1389,1389,1389,1389,2850,273770.2273964059
1390,1390,1390,1390,2851,244904.96104166209
1391,1391,1391,1391,2852,228544.31911583463
1392,1392,1392,1392,2853,242121.10633797833
1393,1393,1393,1393,2854,160004.6118724189
1394,1394,1394,1394,2855,220375.8081167377
1395,1395,1395,1395,2856,207449.63269045894
1396,1396,1396,1396,2857,201436.1259720744
1397,1397,1397,1397,2858,216555.12665271407
1398,1398,1398,1398,2859,125323.53657202776
1399,1399,1399,1399,2860,145728.1241879054
1400,1400,1400,1400,2861,161634.40032672696
1401,1401,1401,1401,2862,204672.36112170925
1402,1402,1402,1402,2863,139461.30594718573
1403,1403,1403,1403,2864,255779.84595264145
1404,1404,1404,1404,2865,134314.80020835056
1405,1405,1405,1405,2866,188696.18042340642
1406,1406,1406,1406,2867,100395.04196373062
1407,1407,1407,1407,2868,158858.05672725308
1408,1408,1408,1408,2869,116303.40857460133
1409,1409,1409,1409,2870,142005.1053321731
1410,1410,1410,1410,2871,75804.1058272613
1411,1411,1411,1411,2872,30150.107629087463
1412,1412,1412,1412,2873,106688.30839419704
1413,1413,1413,1413,2874,194703.19014773337
1414,1414,1414,1414,2875,152599.0519353064
1415,1415,1415,1415,2876,170979.62998389918
1416,1416,1416,1416,2877,138480.35006054523
1417,1417,1417,1417,2878,173404.41064259718
1418,1418,1418,1418,2879,141784.79823026166
1419,1419,1419,1419,2880,139362.43338354919
1420,1420,1420,1420,2881,168514.42141834952
1421,1421,1421,1421,2882,167028.1531916937
1422,1422,1422,1422,2883,192847.38364588565
1423,1423,1423,1423,2884,180975.20949350172
1424,1424,1424,1424,2885,159877.30840387597
1425,1425,1425,1425,2886,203270.9318088449
1426,1426,1426,1426,2887,106092.65777588463
1427,1427,1427,1427,2888,143769.9110008779
1428,1428,1428,1428,2889,81072.88718826984
1429,1429,1429,1429,2890,87931.88662969928
1430,1430,1430,1430,2891,159971.14073017502
1431,1431,1431,1431,2892,45914.36709880139
1432,1432,1432,1432,2893,132300.9597298002
1433,1433,1433,1433,2894,73300.5755444924
1434,1434,1434,1434,2895,297451.39360288164
1435,1435,1435,1435,2896,271167.67136548803
1436,1436,1436,1436,2897,237433.94592748664
1437,1437,1437,1437,2898,158881.33245186598
1438,1438,1438,1438,2899,234949.01503805755
1439,1439,1439,1439,2900,154722.54532295474
1440,1440,1440,1440,2901,275102.8849316203
1441,1441,1441,1441,2902,204420.3670464611
1442,1442,1442,1442,2903,302022.80450086173
1443,1443,1443,1443,2904,340023.21380204195
1444,1444,1444,1444,2905,83560.29373742604
1445,1445,1445,1445,2906,204045.53595586293
1446,1446,1446,1446,2907,107938.2010356205
1447,1447,1447,1447,2908,112783.13842116026
1448,1448,1448,1448,2909,161928.1940043151
1449,1449,1449,1449,2910,72167.63593067083
1450,1450,1450,1450,2911,80859.03622362207
1451,1451,1451,1451,2912,129905.36141459866
1452,1452,1452,1452,2913,85880.75165372729
1453,1453,1453,1453,2914,67439.34899671821
1454,1454,1454,1454,2915,68288.04209191949
1455,1455,1455,1455,2916,82626.29033653109
1456,1456,1456,1456,2917,177246.4621543337
1457,1457,1457,1457,2918,116350.07781447319
1458,1458,1458,1458,2919,219479.5960753896
